{
    "###_COMMENT_###" : "",
    "###_COMMENT_###" : "epg 정보를 가져오는 설정 파일",
    "###_COMMENT_###" : "사용하는 ISP 선택 (ALL, KT, LG, SK)",
    "MyISP": "ALL",
    "###_COMMENT_###" : "### # My Channel EPG 정보 가져오는 채널 ID ###",
    "###_COMMENT_###" : "### 채널 ID를 , 로 구분하여 입력 ###",
    "MyChannels" : "60, 110, 111, 122, 164",
    "###_COMMENT_###" : "output 셋팅은 (d, o, s) 셋중에 하나로 선택한다",
    "###_COMMENT_###" : " d - EPG 정보 화면 출력",
    "###_COMMENT_###" : " o - EPG 정보 파일로 저장",
    "###_COMMENT_###" : " s - EPG 정보 소켓으로 출력",
    "output": "d",
    "###_COMMENT_###" : "### TV channel icon url (ex : http://www.example.com/Channels) ###",
    "default_icon_url": "",
    "###_COMMENT_###" : "### 제목에 재방송 정보 출력 ###",
    "default_rebroadcast": "n",
    "###_COMMENT_###" : "#### 제목에 회차정보 출력 ###",     
    "default_episode" : "y",
    "###_COMMENT_###" : "### EPG 정보 추가 출력 ###",
    "default_verbose" : "y",
    "###_COMMENT_###" : "### XMLTV_NS 정보 추가 출력 ###",
    "default_xmltvns" : "n",
    "###_COMMENT_###" : "### epg 데이터 가져오는 기간으로 1에서 7까지 설정가능 ###",
    "default_fetch_limit" : "2",
    "###_COMMENT_###" : "### epg 저장시 기본 저장 이름 (ex: /home/tvheadend/xmltv.xml) ###",
    "default_xml_file" : "xmltv.xml",
    "###_COMMENT_###" : "### # External XMLTV 사용시 기본 소켓 이름 (ex: /home/tvheadend/xmltv.sock) ###",
    "default_xml_socket" : "xmltv.sock",
    "###_COMMENT_###" : ""
}
