{
    "###_COMMENT_###" : "",
    "###_COMMENT_###" : "epg 정보를 가져오는 설정 파일_sk_256채널_20180914_2130",
    "###_COMMENT_###" : "사용하는 ISP 선택 (ALL, KT, LG, SK)",
    "MyISP": "SK",
    "###_COMMENT_###" : "### # My Channel EPG 정보 가져오는 채널 ID ###",
    "###_COMMENT_###" : "### 채널 ID를 , 로 구분하여 입력 20180121###",
    "MyChannels" : "1,2,4,5,6,7,8,10,11,14,15,18,19,20,21,23,24,26,28,31,32,35,36,38,39,40,41,42,43,46,47,48,49,50,51,52,53,55,56,57,58,59,60,61,62,63,68,71,72,74,75,76,78,79,80,82,83,84,85,86,87,89,90,91,92,93,94,95,96,97,98,99,100,101,103,104,105,107,108,110,111,112,117,118,119,121,122,123,124,125,126,127,128,129,130,133,134,135,136,137,138,139,141,143,144,147,148,149,150,151,153,154,156,157,160,164,165,166,167,168,169,170,171,173,174,177,178,179,183,184,185,186,192,193,196,198,199,200,201,202,203,205,207,208,213,215,216,218,219,220,222,223,225,228,229,230,231,232,233,234,235,237,238,239,240,241,245,246,247,249,250,251,255,256,257,258,260,262,263,264,265,266,268,271,272,273,275,278,279,280,281,282,283,284,285,286,289,290,291,292,293,294,296,297,301,302,303,307,311,312,313,314,315,316,318,319,320,321,409,411,412,414,415,444,445,446,447,452,453,455,456,457,458,492,493,495,496,497,498,499,500,501,502,503,504,505,506,507,508,509,510,511,512,513,514,515,516,517,518,519,520,521,522,523,524,525,526,527,528,529,530,531,532,533,534,535,536,537,538,539,540,541,542,543,544,545,546,547,548,549,550,551,552,553,999",
    "###_COMMENT_###" : "output 셋팅은 (d, o, s) 셋중에 하나로 선택한다",
    "###_COMMENT_###" : " d - EPG 정보 화면 출력",
    "###_COMMENT_###" : " o - EPG 정보 파일로 저장",
    "###_COMMENT_###" : " s - EPG 정보 소켓으로 출력",
    "output": "d",
    "###_COMMENT_###" : "### TV channel icon url (ex : http://www.example.com/Channels) ###",
    "default_icon_url": "",
    "###_COMMENT_###" : "### 제목에 재방송 정보 출력 ###",
    "default_rebroadcast": "y",
    "###_COMMENT_###" : "#### 제목에 회차정보 출력 ###",     
    "default_episode" : "n",
    "###_COMMENT_###" : "### EPG 정보 추가 출력 ###",
    "default_verbose" : "y",
    "###_COMMENT_###" : "### XMLTV_NS 정보 추가 출력 ###",
    "default_xmltvns" : "y",
    "###_COMMENT_###" : "### epg 데이터 가져오는 기간으로 1에서 7까지 설정가능 ###",
    "default_fetch_limit" : "3",
    "###_COMMENT_###" : "### epg 저장시 기본 저장 이름 (ex: /home/tvheadend/xmltv.xml) http://192.168.0.11/epg2xml/xmltv.xml ###",
    "default_xml_file" : "/volume1/web/epg2xml/xmltv.xml",
    "###_COMMENT_###" : "### # External XMLTV 사용시 기본 소켓 이름 (ex: /home/tvheadend/xmltv.sock) synology_docker경로###",
    "default_xml_socket" : "/config/epggrab/xmltv.sock",
    "###_COMMENT_###" : ""
}
